Date, Open, High, Low, Close, Volume
11/12/21, 60.34, 60.53, 58.465, 58.80, 14155790
11/11/21, 63.04, 63.29, 62.85, 62.92, 2452039
11/10/21, 63.27, 63.45, 62.97, 63.14, 2519074
11/09/21, 62.94, 62.99, 62.58, 62.70, 3618317
11/08/21, 63.66, 63.87, 62.97, 62.99, 4557085
11/05/21, 62.80, 63.135, 62.23, 63.09, 4068487
11/04/21, 63.79, 63.99, 63.505, 63.83, 2811944
11/03/21, 63.95, 64.0737, 63.44, 63.83, 3970131
11/02/21, 62.94, 64.21, 62.635, 63.56, 5455223
11/01/21, 62.19, 62.78, 62.045, 62.46, 2819842
10/29/21, 62.39, 62.46, 61.96, 62.38, 3951313
10/28/21, 62.03, 62.86, 61.99, 62.19, 2529934
10/27/21, 62.63, 62.69, 61.605, 61.77, 2513842
10/26/21, 61.93, 62.35, 61.79, 62.26, 2469737
10/25/21, 61.94, 61.96, 61.33, 61.77, 3144764
10/22/21, 61.89, 62.06, 61.68, 61.79, 3997374
10/21/21, 60.51, 61.25, 60.485, 61.22, 2597746
10/20/21, 60.29, 60.78, 60.22, 60.63, 2981569
10/19/21, 59.56, 60.49, 59.51, 60.17, 3404376
10/18/21, 59.78, 59.87, 59.125, 59.29, 4228572
10/15/21, 60.27, 60.54, 60.08, 60.22, 3513213
10/14/21, 60.39, 60.575, 59.63, 59.67, 5589117
10/13/21, 60.01, 60.66, 60.01, 60.45, 4452750
10/12/21, 60.79, 60.85, 60.20, 60.27, 2746352
10/11/21, 61.04, 61.34, 60.79, 60.80, 3753461
10/08/21, 60.70, 61.105, 60.48, 60.61, 3113399
10/07/21, 59.57, 60.64, 59.53, 60.37, 3820510
10/06/21, 59.64, 59.905, 59.225, 59.86, 6688597
10/05/21, 60.13, 60.485, 59.875, 59.89, 4139259
10/04/21, 60.05, 60.55, 59.88, 60.54, 6926117
10/01/21, 59.29, 59.945, 58.69, 59.68, 6071487
09/30/21, 59.94, 60.55, 59.94, 60.06, 7801455
09/29/21, 58.98, 59.86, 58.735, 59.67, 8548247
09/28/21, 58.3869, 58.3869, 57.105, 57.63, 6232564
09/27/21, 59.45, 59.535, 58.52, 58.72, 5849251
09/24/21, 60.95, 61.295, 60.24, 60.35, 10108200
09/23/21, 59.24, 59.76, 59.24, 59.48, 5322426
09/22/21, 58.67, 59.08, 58.21, 58.74, 6388170
09/21/21, 58.87, 59.505, 58.63, 59.13, 8696166
09/20/21, 56.17, 58.60, 56.08, 58.50, 17488670
09/17/21, 56.16, 56.355, 55.125, 55.56, 7304529
09/16/21, 56.47, 56.73, 56.01, 56.60, 5344742
09/15/21, 56.53, 56.605, 56.13, 56.45, 6923091
09/14/21, 56.337, 56.48, 55.7401, 55.96, 6483072
09/13/21, 56.63, 56.64, 55.80, 55.96, 4013247
09/10/21, 56.81, 56.8494, 56.25, 56.26, 3930792
09/09/21, 57.02, 57.25, 56.14, 56.29, 5631422
09/08/21, 57.31, 57.41, 56.96, 57.07, 3841547
09/07/21, 59.01, 59.02, 58.21, 58.39, 5063596
09/03/21, 59.15, 59.24, 58.63, 58.83, 5330751
09/02/21, 59.173, 59.62, 59.09, 59.59, 3254524
09/01/21, 58.74, 58.92, 58.38, 58.72, 4344365
08/31/21, 58.45, 58.81, 58.17, 58.28, 4417170
08/30/21, 58.67, 58.81, 58.51, 58.61, 2296705
08/27/21, 58.89, 59.23, 58.46, 58.63, 5244675
08/26/21, 58.86, 59.0589, 58.43, 58.76, 3715407
08/25/21, 58.94, 58.95, 58.40, 58.58, 5606837
08/24/21, 58.36, 58.57, 57.86, 58.52, 4233986
08/23/21, 59.09, 59.35, 58.78, 58.80, 6114650
08/20/21, 59.33, 59.60, 59.07, 59.39, 3494209
08/19/21, 59.12, 59.79, 59.02, 59.19, 4326997
08/18/21, 59.562, 60.19, 59.40, 59.44, 9738823
08/17/21, 58.505, 59.43, 58.48, 59.35, 6907830
08/16/21, 58.07, 58.92, 58.0493, 58.75, 6117553
08/13/21, 57.796, 58.64, 57.74, 58.48, 7197693
08/12/21, 57.06, 57.539, 56.71, 57.46, 9175237
08/11/21, 56.807, 56.92, 56.48, 56.61, 6156849
08/10/21, 56.38, 56.83, 56.245, 56.41, 6694468
08/09/21, 56.66, 56.825, 56.00, 56.36, 9652682
08/06/21, 57.23, 57.279, 56.24, 56.44, 6220202
08/05/21, 58.16, 58.43, 57.87, 58.41, 8875103
08/04/21, 57.50, 57.80, 57.30, 57.31, 6945513
08/03/21, 57.51, 57.725, 57.405, 57.66, 5249068
08/02/21, 57.05, 57.54, 56.785, 57.38, 7252983
07/30/21, 57.45, 57.67, 57.125, 57.24, 7336499
07/29/21, 58.01, 58.60, 57.505, 57.64, 10601840
07/28/21, 57.03, 57.43, 56.81, 56.81, 10798860
07/27/21, 57.69, 57.69, 56.58, 57.46, 15839190
07/26/21, 57.52, 57.615, 56.75, 56.79, 19736680
07/23/21, 58.36, 58.72, 58.015, 58.23, 14129810
07/22/21, 58.15, 58.48, 57.88, 57.96, 48604922
07/21/21, 57.91, 58.055, 57.53, 57.77, 19553100
07/20/21, 57.27, 57.90, 56.76, 57.54, 65540180
07/19/21, 56.44, 56.88, 56.00, 56.48, 41068199
07/16/21, 56.79, 57.48, 56.395, 56.79, 28642770
07/15/21, 58.79, 58.86, 56.85, 56.96, 27055770
07/14/21, 60.085, 60.175, 59.63, 59.80, 23737760
07/13/21, 60.09, 60.655, 60.07, 60.61, 8321737
07/12/21, 60.29, 60.93, 60.23, 60.50, 10067910
07/09/21, 59.12, 59.91, 59.07, 59.63, 6173577
07/08/21, 59.45, 59.67, 58.83, 59.26, 6894951
07/07/21, 59.76, 59.82, 59.295, 59.76, 6434879
07/06/21, 60.41, 60.555, 59.87, 59.90, 6893637
07/02/21, 60.26, 60.875, 60.065, 60.79, 5198428
07/01/21, 59.87, 60.44, 59.71, 60.31, 4754924
06/30/21, 60.058, 60.29, 59.72, 59.90, 4575475
06/29/21, 60.12, 60.34, 59.91, 60.18, 4667350
06/28/21, 59.78, 60.37, 59.725, 60.07, 5822357
06/25/21, 59.05, 59.42, 58.81, 59.35, 9532823
06/24/21, 58.39, 59.0718, 58.33, 58.42, 5247889
06/23/21, 58.85, 58.85, 57.88, 57.98, 5804904
06/22/21, 58.16, 58.32, 57.69, 57.89, 4899942
06/21/21, 58.20, 58.46, 57.98, 58.31, 5305065
06/18/21, 57.83, 58.60, 57.57, 58.37, 14107310
06/17/21, 58.06, 58.46, 57.87, 58.35, 4875014
06/16/21, 58.86, 59.34, 58.28, 58.41, 6968424
06/15/21, 58.99, 59.01, 58.58, 58.84, 5940579
06/14/21, 58.96, 58.965, 58.32, 58.76, 6596732
06/11/21, 59.13, 59.15, 58.53, 58.77, 7684437
06/10/21, 58.14, 58.88, 57.95, 58.84, 7558314
06/09/21, 56.96, 57.655, 56.86, 57.60, 7486531
06/08/21, 56.80, 56.80, 55.915, 56.31, 5164894
06/07/21, 56.62, 56.96, 56.345, 56.40, 6282817
06/04/21, 56.64, 57.06, 56.57, 56.80, 4868823
06/03/21, 55.78, 56.39, 55.73, 56.25, 5497710
06/02/21, 55.88, 56.225, 55.86, 56.10, 6077792
06/01/21, 57.14, 57.16, 56.145, 56.25, 6757118
05/28/21, 56.75, 57.43, 56.70, 56.77, 5565327
05/27/21, 56.21, 57.36, 56.20, 56.89, 12365610
05/26/21, 57.01, 57.06, 56.515, 56.54, 4063383
05/25/21, 57.33, 57.36, 56.76, 56.91, 7404321
05/24/21, 57.51, 57.7157, 57.43, 57.47, 4324524
05/21/21, 57.58, 57.73, 57.35, 57.40, 7252813
05/20/21, 56.97, 57.63, 56.88, 57.44, 10172470
05/19/21, 56.25, 56.36, 55.95, 56.34, 10347280
05/18/21, 56.21, 56.365, 55.99, 55.99, 6982919
05/17/21, 55.49, 55.88, 55.43, 55.88, 5528003
05/14/21, 55.24, 55.38, 55.08, 55.21, 5198525
05/13/21, 54.46, 55.215, 54.43, 55.05, 7311731
05/12/21, 54.72, 55.02, 54.375, 54.50, 8345504
05/11/21, 53.33, 54.185, 53.33, 54.10, 7480114
05/10/21, 54.55, 54.70, 54.17, 54.38, 8361974
05/07/21, 53.53, 54.05, 53.53, 53.81, 4775914
05/06/21, 53.27, 53.52, 52.965, 53.48, 5502378
05/05/21, 53.266, 53.70, 53.08, 53.65, 7360549
05/04/21, 53.27, 53.38, 52.74, 52.93, 8149781
05/03/21, 53.37, 53.74, 53.115, 53.70, 6636696
04/30/21, 53.27, 54.5601, 52.935, 53.07, 15298040
04/29/21, 52.26, 52.28, 50.66, 51.37, 11150900
04/28/21, 52.36, 52.60, 51.93, 52.08, 8145133
04/27/21, 52.80, 52.81, 52.31, 52.37, 8342180
04/26/21, 52.45, 52.48, 51.99, 52.37, 6451470
04/23/21, 52.74, 52.76, 52.155, 52.26, 6560601
04/22/21, 53.07, 53.10, 52.43, 52.71, 9435955
04/21/21, 52.92, 53.175, 52.69, 53.11, 11431750
04/20/21, 52.09, 52.35, 51.95, 52.27, 13942420
04/19/21, 51.64, 51.81, 51.25, 51.63, 16120680
04/16/21, 50.80, 51.01, 50.61, 50.74, 22166240
04/15/21, 50.74, 51.29, 50.60, 50.83, 13902950
04/14/21, 50.04, 50.32, 49.74, 49.84, 11863560
04/13/21, 49.21, 49.60, 48.96, 49.19, 7733898
04/12/21, 49.83, 49.92, 49.365, 49.42, 7890565
04/09/21, 50.15, 50.16, 49.68, 49.94, 7432187
04/08/21, 49.67, 49.80, 49.425, 49.50, 10361280
04/07/21, 49.06, 49.12, 48.26, 48.42, 9469101
04/06/21, 49.45, 49.68, 49.16, 49.22, 7127805
04/05/21, 49.41, 49.80, 49.40, 49.53, 5293953
04/01/21, 49.61, 49.785, 49.325, 49.53, 5958613
03/31/21, 50.042, 50.13, 49.70, 49.72, 6688265
03/30/21, 50.14, 50.17, 49.69, 49.97, 7085042
03/29/21, 50.55, 51.06, 50.4847, 50.81, 8652365
03/26/21, 49.56, 50.67, 49.475, 50.64, 9707470
03/25/21, 48.93, 49.79, 48.81, 49.70, 6800208
03/24/21, 49.13, 49.295, 48.76, 48.79, 6482640
03/23/21, 49.95, 50.21, 49.16, 49.40, 10891760
03/22/21, 49.98, 51.21, 49.87, 51.20, 10091990
03/19/21, 49.22, 49.48, 48.89, 49.21, 6788841
03/18/21, 49.47, 49.97, 49.275, 49.33, 9792160
03/17/21, 49.80, 50.12, 49.09, 50.07, 13008120
03/16/21, 49.95, 50.465, 49.855, 50.05, 16767750
03/15/21, 48.58, 48.78, 48.13, 48.77, 10650880
03/12/21, 48.27, 48.575, 47.88, 48.42, 8919784
03/11/21, 48.95, 49.27, 48.59, 48.67, 12653910
03/10/21, 50.20, 50.29, 49.70, 49.81, 12728690
03/09/21, 49.40, 49.88, 49.07, 49.27, 15539100
03/08/21, 47.75, 48.47, 47.66, 48.19, 11753020
03/05/21, 47.57, 48.12, 47.15, 48.06, 11174780
03/04/21, 47.59, 47.95, 46.48, 47.23, 15996350
03/03/21, 47.64, 47.64, 46.845, 47.16, 14031720
03/02/21, 48.40, 48.43, 47.67, 47.73, 14259650
03/01/21, 48.46, 48.68, 48.08, 48.09, 11384690
02/26/21, 48.85, 48.92, 47.98, 48.38, 8551178
02/25/21, 49.845, 49.87, 48.75, 48.91, 12795870
02/24/21, 49.66, 50.32, 49.505, 50.10, 12218640
02/23/21, 50.70, 50.77, 49.215, 49.31, 14535860
02/22/21, 50.67, 50.81, 50.36, 50.57, 10775960
02/19/21, 51.13, 51.16, 50.545, 50.59, 6895585
02/18/21, 51.49, 51.98, 51.41, 51.50, 9765233
02/17/21, 51.05, 51.79, 50.85, 51.45, 9516106
02/16/21, 51.02, 51.255, 50.595, 50.89, 8823267
02/12/21, 50.93, 51.735, 50.80, 51.69, 11856410
02/11/21, 50.34, 50.43, 49.60, 50.09, 13276010
02/10/21, 50.78, 50.8378, 49.755, 49.97, 9656626
02/09/21, 50.163, 50.635, 50.04, 50.41, 8058071
02/08/21, 50.10, 50.53, 49.80, 50.06, 8559086
02/05/21, 49.95, 50.0985, 49.65, 49.73, 9809365
02/04/21, 50.31, 50.445, 50.04, 50.36, 7317680
02/03/21, 50.16, 50.34, 49.725, 50.00, 9069712
02/02/21, 50.52, 50.63, 50.02, 50.06, 11349770
02/01/21, 51.255, 51.30, 50.21, 50.40, 14590900
01/29/21, 51.73, 52.21, 50.51, 50.60, 12692500
01/28/21, 52.12, 52.94, 51.99, 52.04, 8374776
01/27/21, 53.37, 53.43, 52.03, 52.10, 14550170
01/26/21, 54.52, 54.65, 54.19, 54.44, 11614390
01/25/21, 53.73, 54.21, 53.5934, 54.01, 13742790
01/22/21, 52.73, 53.54, 52.62, 53.25, 13372690
01/21/21, 52.56, 52.74, 52.16, 52.55, 16057950
01/20/21, 52.6532, 52.6532, 51.91, 52.24, 13626190
01/19/21, 52.52, 52.66, 52.21, 52.57, 13568690
01/15/21, 51.29, 51.56, 51.13, 51.34, 9523952
01/14/21, 51.47, 51.80, 51.17, 51.29, 11521680
01/13/21, 50.74, 51.25, 50.67, 50.88, 11452850
01/12/21, 50.64, 50.65, 50.10, 50.29, 9628798
01/11/21, 50.58, 51.085, 50.41, 50.56, 11687160
01/08/21, 50.59, 50.88, 50.32, 50.86, 10996030
01/07/21, 50.553, 50.78, 50.06, 50.19, 13562630
01/06/21, 50.84, 51.44, 50.66, 50.91, 12754930
01/05/21, 50.40, 50.83, 50.02, 50.70, 13361940
01/04/21, 50.92, 51.05, 49.89, 50.52, 15665810
12/31/20, 50.00, 50.09, 49.12, 49.99, 10610010
12/30/20, 50.46, 50.55, 50.035, 50.18, 14349080
12/29/20, 50.66, 50.7001, 49.785, 49.90, 17308490
12/28/20, 50.23, 50.28, 49.1366, 49.38, 15481870
12/24/20, 48.90, 48.90, 48.17, 48.52, 4931684
12/23/20, 49.11, 49.12, 48.63, 48.77, 11311010
12/22/20, 49.27, 49.28, 48.50, 48.73, 14234580
12/21/20, 49.48, 49.835, 49.055, 49.68, 13007230
12/18/20, 50.92, 50.95, 49.99, 50.21, 25875189
12/17/20, 51.26, 51.37, 50.55, 50.79, 13957160
12/16/20, 51.80, 51.81, 50.82, 50.93, 19333510
12/15/20, 50.61, 50.83, 50.09, 50.83, 22345279
12/14/20, 50.67, 51.57, 49.89, 50.03, 54898621
12/11/20, 53.63, 54.345, 53.63, 54.27, 3870032
12/10/20, 53.86, 54.20, 53.67, 53.89, 7566849
12/09/20, 54.96, 55.015, 53.81, 54.04, 7952358
12/08/20, 53.67, 55.06, 53.62, 54.72, 6707629
12/07/20, 54.378, 54.49, 53.83, 54.26, 6582900
12/04/20, 53.55, 54.135, 53.42, 53.74, 4685382
12/03/20, 52.87, 52.96, 52.25, 52.78, 7917117
12/02/20, 52.89, 53.60, 52.8327, 53.39, 4953720
12/01/20, 53.06, 53.3598, 52.60, 52.98, 13308220
11/30/20, 53.30, 53.415, 52.53, 52.94, 14725150
11/27/20, 51.58, 52.77, 51.44, 52.61, 14783160
11/25/20, 52.34, 53.09, 52.30, 52.60, 11660890
11/24/20, 54.00, 54.30, 53.52, 53.57, 8341371
11/23/20, 54.52, 54.71, 53.325, 54.70, 13670630
11/20/20, 54.88, 55.42, 54.675, 55.30, 4314695
11/19/20, 54.25, 54.25, 53.67, 54.03, 6768216
11/18/20, 55.33, 55.34, 53.96, 53.99, 4732307
11/17/20, 55.11, 55.42, 54.75, 54.96, 6451532
11/16/20, 56.49, 56.77, 56.07, 56.29, 5190460
11/13/20, 56.87, 57.42, 56.76, 57.38, 2911496
11/12/20, 56.81, 57.37, 56.48, 56.84, 2906589
11/11/20, 57.54, 58.08, 57.32, 58.02, 4069686
11/10/20, 56.64, 56.85, 55.98, 56.57, 5835772
11/09/20, 54.77, 55.12, 53.885, 54.05, 4381265
11/06/20, 55.69, 55.96, 55.435, 55.52, 3686324
11/05/20, 56.06, 56.3831, 55.105, 55.16, 6660890
11/04/20, 53.95, 55.37, 53.91, 55.04, 7385766
11/03/20, 51.46, 52.07, 51.285, 51.70, 4157201
11/02/20, 50.47, 50.715, 50.15, 50.62, 5368781
10/30/20, 50.92, 51.195, 49.79, 50.16, 4764666
10/29/20, 51.04, 51.45, 50.41, 51.07, 3534018
10/28/20, 51.89, 51.95, 50.91, 50.98, 5263180
10/27/20, 53.31, 53.49, 52.38, 52.48, 3702333
10/26/20, 52.87, 53.36, 52.54, 53.07, 6021982
10/23/20, 52.17, 52.69, 51.7811, 52.00, 5576904
10/22/20, 52.01, 52.23, 51.63, 51.96, 3754976
10/21/20, 52.14, 52.48, 50.47, 51.57, 8219837
10/20/20, 52.68, 52.82, 52.15, 52.19, 4919090
10/19/20, 53.23, 53.325, 52.30, 52.44, 3143676
10/16/20, 53.00, 53.50, 52.83, 53.03, 2666174
10/15/20, 52.45, 52.77, 52.235, 52.55, 3039396
10/14/20, 54.00, 54.06, 52.94, 53.19, 4657364
10/13/20, 54.77, 55.15, 54.445, 54.48, 2949809
10/12/20, 55.19, 55.45, 54.97, 55.27, 2783457
10/09/20, 54.39, 54.85, 54.32, 54.72, 2092001
10/08/20, 53.68, 54.29, 53.58, 54.09, 2351283
10/07/20, 53.81, 53.93, 53.33, 53.53, 3518746
10/06/20, 54.15, 54.53, 53.675, 53.71, 3694975
10/05/20, 54.46, 54.85, 54.18, 54.49, 6704494
10/02/20, 54.42, 54.76, 54.13, 54.22, 5699061
10/01/20, 55.20, 55.31, 54.22, 54.30, 4728218
09/30/20, 55.02, 55.45, 54.61, 54.80, 3001356
09/29/20, 54.71, 55.20, 54.705, 55.11, 4178369
09/28/20, 55.07, 55.34, 54.60, 54.75, 2741362
09/25/20, 54.20, 55.84, 54.02, 55.51, 4955818
09/24/20, 54.94, 55.16, 53.92, 54.17, 4123672
09/23/20, 56.22, 56.585, 55.575, 55.66, 2922893
09/22/20, 55.29, 55.62, 54.72, 55.44, 3878559
09/21/20, 55.09, 55.91, 54.62, 55.91, 6792716
09/18/20, 56.76, 56.80, 55.96, 56.45, 2931736
09/17/20, 55.74, 56.15, 55.49, 55.94, 3991914
09/16/20, 55.72, 55.98, 55.11, 55.13, 3951449
09/15/20, 55.53, 55.78, 55.1215, 55.28, 4300908
09/14/20, 54.23, 54.34, 53.37, 54.02, 4960014
09/11/20, 53.99, 54.15, 53.405, 53.73, 4627702
09/10/20, 54.16, 54.19, 53.04, 53.07, 4407064
09/09/20, 53.83, 54.82, 53.34, 53.64, 11416270
09/08/20, 54.14, 54.94, 53.76, 54.71, 6735611
09/04/20, 53.79, 54.14, 52.57, 53.58, 4610026
09/03/20, 55.35, 55.50, 53.61, 54.16, 5122001
09/02/20, 55.47, 55.99, 55.27, 55.90, 3614227
09/01/20, 55.85, 55.90, 55.12, 55.38, 3965920
08/31/20, 55.80, 56.34, 55.61, 56.00, 3262601
08/28/20, 56.19, 56.21, 55.52, 55.69, 3251866
08/27/20, 57.00, 57.00, 55.646, 56.11, 4195081
08/26/20, 56.93, 57.11, 56.51, 57.00, 2802443
08/25/20, 57.17, 57.38, 56.67, 57.01, 3399684
08/24/20, 57.50, 57.925, 56.43, 56.76, 7378989
08/21/20, 55.49, 55.7659, 55.24, 55.71, 3419156
08/20/20, 56.28, 56.54, 55.97, 56.49, 2527463
08/19/20, 57.14, 57.35, 56.1203, 56.23, 3322097
08/18/20, 56.83, 56.87, 56.15, 56.33, 4174763
08/17/20, 55.94, 56.65, 55.85, 56.46, 2997646
08/14/20, 55.47, 55.60, 55.0502, 55.19, 2893297
08/13/20, 56.35, 56.43, 55.69, 55.80, 3490649
08/12/20, 56.30, 57.18, 56.10, 56.74, 5466241
08/11/20, 55.72, 55.74, 55.10, 55.18, 3948908
08/10/20, 55.70, 55.72, 55.06, 55.38, 2937323
08/07/20, 55.78, 55.86, 54.97, 55.41, 3849225
08/06/20, 56.09, 56.24, 55.52, 56.21, 3532127
08/05/20, 56.43, 56.57, 55.82, 55.95, 3267232
08/04/20, 56.08, 56.2888, 55.74, 56.08, 4121292
08/03/20, 56.68, 57.488, 56.53, 56.82, 4805963
07/31/20, 57.82, 57.95, 55.35, 55.78, 6844544
07/30/20, 57.12, 57.94, 56.75, 57.89, 8215090
07/29/20, 57.05, 57.05, 56.09, 56.64, 5038939
07/28/20, 56.88, 57.10, 56.26, 56.32, 4979145
07/27/20, 56.16, 56.63, 55.97, 56.58, 5660221
07/24/20, 55.31, 56.00, 55.06, 55.80, 7748043
07/23/20, 56.75, 56.84, 54.81, 55.17, 8658891
07/22/20, 57.38, 57.89, 56.24, 56.98, 9562064
07/21/20, 59.65, 59.65, 57.8398, 58.07, 15419130
07/20/20, 62.69, 64.94, 57.65, 58.68, 56346566
07/17/20, 57.65, 61.46, 57.63, 61.10, 24976471
07/16/20, 56.96, 57.43, 56.05, 57.43, 12358680
07/15/20, 56.32, 58.84, 55.8699, 58.00, 19902510
07/14/20, 53.50, 54.10, 53.23, 53.98, 7199550
07/13/20, 53.93, 54.30, 53.12, 53.24, 5639762
07/10/20, 54.31, 54.405, 53.44, 53.76, 5414529
07/09/20, 54.50, 54.99, 53.56, 53.97, 4203030
07/08/20, 53.71, 54.705, 53.62, 54.19, 6247761
07/07/20, 53.50, 54.28, 53.43, 53.47, 3747451
07/06/20, 53.85, 54.50, 53.72, 54.10, 5180939
07/02/20, 53.63, 54.07, 53.46, 53.80, 4591334
07/01/20, 52.83, 53.68, 52.39, 53.32, 5462439
06/30/20, 52.28, 52.92, 52.04, 52.89, 4621912
06/29/20, 53.37, 53.39, 52.71, 52.91, 4526184
06/26/20, 53.08, 53.48, 52.515, 52.70, 6234745
06/25/20, 52.49, 53.12, 52.20, 53.01, 4948279
06/24/20, 52.92, 53.43, 52.00, 52.13, 6418579
06/23/20, 53.17, 55.19, 53.13, 54.25, 10771970
06/22/20, 53.37, 53.53, 53.00, 53.42, 3375800
06/19/20, 52.50, 53.20, 52.41, 53.02, 6807207
06/18/20, 52.64, 52.83, 52.28, 52.66, 3796142
06/17/20, 54.12, 54.2487, 53.765, 53.90, 4919095
06/16/20, 54.18, 54.21, 53.50, 53.58, 5537578
06/15/20, 52.44, 52.99, 51.69, 52.64, 5721596
06/12/20, 52.18, 52.25, 50.95, 51.47, 5630349
06/11/20, 53.77, 53.80, 51.425, 51.57, 4787036
06/10/20, 53.86, 54.26, 53.62, 53.64, 4582635
06/09/20, 52.80, 53.19, 52.68, 52.73, 4782254
06/08/20, 52.81, 53.00, 51.3828, 52.58, 9762605
06/05/20, 54.34, 54.54, 53.74, 53.85, 6092402
06/04/20, 54.59, 55.2699, 53.76, 53.87, 4483681
06/03/20, 54.55, 55.29, 54.46, 55.00, 5464192
06/02/20, 54.49, 54.74, 54.10, 54.72, 4279413
06/01/20, 54.32, 55.25, 53.95, 55.16, 5761537
05/29/20, 55.28, 55.61, 53.17, 54.60, 7615802
05/28/20, 53.62, 54.04, 53.42, 53.50, 4474832
05/27/20, 51.95, 52.47, 50.81, 52.47, 7010221
05/26/20, 54.52, 54.585, 53.10, 53.11, 5626614
05/22/20, 54.71, 55.66, 54.27, 55.22, 6031214
05/21/20, 56.95, 57.44, 54.69, 55.28, 20428230
05/20/20, 54.33, 54.745, 53.645, 53.78, 4037969
05/19/20, 53.39, 54.065, 53.17, 53.57, 3271247
05/18/20, 53.64, 53.99, 53.34, 53.45, 4926258
05/15/20, 52.58, 53.41, 52.54, 53.41, 3716835
05/14/20, 53.99, 54.46, 53.20, 53.50, 4998271
05/13/20, 54.82, 55.5901, 54.59, 55.31, 3431192
05/12/20, 54.43, 54.835, 53.90, 54.11, 2221711
05/11/20, 53.03, 54.13, 52.95, 53.95, 3095279
05/08/20, 53.10, 53.56, 52.96, 53.29, 1660052
05/07/20, 53.49, 53.64, 52.57, 52.74, 2627316
05/06/20, 54.06, 54.71, 53.93, 54.04, 6605023
05/05/20, 52.63, 53.80, 52.44, 53.47, 4579285
05/04/20, 52.22, 52.35, 51.76, 52.35, 2853115
05/01/20, 52.03, 52.03, 51.26, 51.86, 3206373
04/30/20, 53.97, 54.00, 51.61, 52.28, 5863601
04/29/20, 52.02, 52.02, 50.66, 50.72, 3785989
04/28/20, 52.32, 52.32, 50.86, 50.97, 5767451
04/27/20, 51.61, 51.84, 51.28, 51.48, 2105029
04/24/20, 50.70, 51.26, 50.54, 51.18, 2087588
04/23/20, 50.29, 50.96, 50.22, 50.39, 2549399
04/22/20, 50.64, 50.75, 50.31, 50.36, 2803613
04/21/20, 50.09, 50.57, 49.94, 50.07, 3545354
04/20/20, 49.82, 50.92, 49.79, 50.44, 3416503
04/17/20, 50.20, 50.31, 49.55, 50.03, 3349691
04/16/20, 48.55, 49.19, 48.4072, 49.13, 3218839
04/15/20, 47.67, 48.32, 47.54, 48.03, 2901840
04/14/20, 47.64, 48.935, 47.53, 48.68, 5109224
04/13/20, 45.41, 47.90, 45.39, 47.36, 6555834
04/09/20, 43.91, 44.98, 43.50, 44.66, 5628246
04/08/20, 43.41, 44.11, 42.84, 43.85, 3860227
04/07/20, 43.48, 43.84, 42.915, 43.10, 5600587
04/06/20, 44.02, 44.67, 43.97, 44.31, 5735170
04/03/20, 43.77, 44.145, 43.535, 43.96, 3372695
04/02/20, 43.43, 43.81, 42.80, 43.76, 5918828
04/01/20, 43.75, 44.54, 43.435, 43.78, 6097703
03/31/20, 44.01, 45.11, 43.86, 44.66, 8411209
03/30/20, 42.80, 44.59, 42.80, 44.53, 6985616
03/27/20, 40.78, 43.13, 40.69, 42.47, 6783155
03/26/20, 40.40, 42.40, 40.40, 42.36, 6742651
03/25/20, 40.15, 41.21, 39.38, 40.38, 6575402
03/24/20, 40.35, 41.00, 39.36, 40.89, 6129408
03/23/20, 39.36, 40.11, 38.14, 38.78, 5674006
03/20/20, 41.20, 41.98, 39.36, 39.42, 10050660
03/19/20, 38.91, 40.89, 38.07, 40.13, 9234697
03/18/20, 38.23, 39.92, 38.23, 39.36, 4909177
03/17/20, 39.25, 41.51, 38.95, 40.93, 5411659
03/16/20, 36.81, 38.885, 36.15, 37.79, 7346792
03/13/20, 41.57, 42.46, 38.58, 42.28, 11898370
03/12/20, 41.30, 41.58, 39.47, 40.76, 5412863
03/11/20, 45.60, 45.81, 44.095, 44.58, 5829363
03/10/20, 45.85, 46.95, 44.98, 46.90, 9144800
03/09/20, 45.54, 46.65, 44.99, 45.23, 5031454
03/06/20, 47.25, 47.64, 46.73, 47.52, 3439131
03/05/20, 47.58, 48.66, 47.54, 48.38, 5756885
03/04/20, 47.28, 48.685, 46.74, 48.60, 3337435
03/03/20, 46.48, 46.65, 45.1228, 45.52, 4247833
03/02/20, 44.45, 45.87, 44.35, 45.87, 6134700
02/28/20, 43.69, 44.07, 42.96, 43.80, 5656546
02/27/20, 46.39, 46.50, 45.05, 45.07, 4055766
02/26/20, 47.52, 47.98, 47.27, 47.57, 3900318
02/25/20, 48.07, 48.10, 46.69, 47.08, 4347079
02/24/20, 48.25, 48.70, 47.59, 47.59, 4537593
02/21/20, 49.88, 50.25, 49.68, 50.17, 4105822
02/20/20, 48.88, 49.175, 48.66, 48.94, 3000187
02/19/20, 49.36, 49.56, 49.06, 49.31, 3269038
02/18/20, 48.96, 49.255, 48.5947, 49.11, 3927875
02/14/20, 48.19, 48.22, 47.40, 47.85, 6665395
02/13/20, 48.81, 49.75, 48.78, 49.33, 2807515
02/12/20, 49.75, 49.80, 49.36, 49.58, 2482962
02/11/20, 49.94, 49.98, 49.54, 49.78, 1849199
02/10/20, 49.49, 49.94, 49.35, 49.91, 1983216
02/07/20, 49.89, 49.92, 49.37, 49.40, 1995486
02/06/20, 49.69, 50.10, 49.50, 50.03, 2531041
02/05/20, 49.46, 49.85, 49.23, 49.73, 2302972
02/04/20, 48.76, 49.09, 48.72, 48.76, 1698782
02/03/20, 48.62, 48.93, 48.445, 48.51, 1990923
01/31/20, 49.18, 49.18, 48.47, 48.70, 4129323
01/30/20, 49.37, 49.39, 48.94, 49.09, 5974173
01/29/20, 50.09, 50.11, 49.63, 49.66, 4044843
01/28/20, 49.50, 49.71, 49.31, 49.60, 1765356
01/27/20, 48.91, 49.07, 48.61, 48.90, 2265598
01/24/20, 50.52, 50.62, 49.20, 49.28, 4466531
01/23/20, 50.33, 50.35, 49.99, 50.20, 1560794
01/22/20, 51.00, 51.00, 50.33, 50.45, 1923992
01/21/20, 50.48, 51.04, 50.48, 50.80, 1964105
01/17/20, 51.44, 51.55, 51.16, 51.33, 2685929
01/16/20, 50.58, 50.61, 50.22, 50.51, 3078278
01/15/20, 50.54, 51.07, 50.53, 50.80, 2489351
01/14/20, 49.77, 50.24, 49.64, 50.18, 2230796
01/13/20, 49.48, 49.75, 49.42, 49.67, 2395996
01/10/20, 49.87, 50.10, 49.80, 49.85, 1872917
01/09/20, 50.03, 50.175, 49.83, 50.08, 1959103
01/08/20, 49.87, 50.17, 49.745, 49.95, 1869029
01/07/20, 50.14, 50.30, 49.87, 50.07, 1878413
01/06/20, 50.04, 50.22, 49.74, 49.88, 1992279
01/03/20, 49.88, 50.38, 49.83, 50.09, 1208694
01/02/20, 50.30, 50.49, 50.13, 50.39, 3587263
12/31/19, 49.77, 49.9436, 49.68, 49.86, 1750624
12/30/19, 50.83, 50.84, 49.81, 50.01, 1960554
12/27/19, 50.57, 50.66, 50.2957, 50.44, 1636189
12/26/19, 49.85, 49.95, 49.77, 49.85, 1013146
12/24/19, 49.79, 49.92, 49.60, 49.87, 755829
12/23/19, 50.40, 50.41, 49.76, 49.89, 3189912
12/20/19, 50.54, 51.23, 50.33, 50.46, 4715364
12/19/19, 49.30, 50.13, 49.18, 49.97, 4377310
12/18/19, 48.97, 49.27, 48.85, 49.24, 3365885
12/17/19, 49.05, 49.14, 48.89, 48.97, 1404977
12/16/19, 49.48, 49.60, 49.19, 49.31, 3149755
12/13/19, 48.38, 48.585, 48.20, 48.36, 1825384
12/12/19, 48.05, 48.50, 47.74, 47.92, 1930574
12/11/19, 48.08, 48.50, 48.05, 48.19, 3233548
12/10/19, 47.47, 48.04, 47.45, 47.98, 3441371
12/09/19, 47.62, 47.95, 47.53, 47.77, 4667822
12/06/19, 47.73, 47.78, 47.555, 47.68, 2477503
12/05/19, 48.07, 48.09, 47.51, 47.62, 2302400
12/04/19, 47.71, 48.24, 47.63, 48.20, 4901004
12/03/19, 47.54, 47.97, 47.50, 47.89, 3058463
12/02/19, 48.67, 48.68, 47.91, 48.38, 8550402
11/29/19, 48.35, 48.61, 48.35, 48.48, 1445296
11/27/19, 48.46, 49.00, 48.45, 48.77, 3655266
11/26/19, 48.73, 48.83, 48.615, 48.76, 1613198
11/25/19, 48.78, 48.93, 48.60, 48.77, 2647023
11/22/19, 48.31, 48.39, 47.81, 47.97, 2010490
11/21/19, 46.77, 47.865, 46.67, 47.61, 2398821
11/20/19, 47.12, 47.36, 46.915, 47.01, 2345916
11/19/19, 48.02, 48.03, 47.53, 47.67, 2185163
11/18/19, 47.99, 48.15, 47.78, 47.94, 1868010
11/15/19, 46.83, 47.525, 46.81, 47.44, 2275928
11/14/19, 47.45, 47.51, 47.11, 47.37, 1498666
11/13/19, 47.58, 47.97, 47.45, 47.82, 2092801
11/12/19, 46.98, 47.275, 46.93, 47.08, 2533484
11/11/19, 46.40, 46.98, 46.39, 46.88, 1958095
11/08/19, 46.52, 47.63, 46.31, 47.26, 5338788
11/07/19, 47.10, 47.13, 46.7224, 46.80, 3148312
11/06/19, 47.19, 47.45, 47.14, 47.34, 4024491
11/05/19, 47.70, 47.77, 47.08, 47.20, 3639152
11/04/19, 48.52, 48.55, 48.045, 48.11, 2340908
11/01/19, 49.21, 49.215, 48.27, 48.39, 2875642
10/31/19, 48.37, 49.06, 48.23, 49.03, 5668197
10/30/19, 48.47, 49.05, 48.22, 49.02, 3843500
10/29/19, 47.42, 47.81, 47.14, 47.59, 2361839
10/28/19, 47.69, 49.00, 47.59, 47.75, 4331006
10/25/19, 47.42, 47.715, 47.11, 47.67, 2727881
10/24/19, 46.48, 47.31, 46.36, 47.25, 6010500
10/23/19, 44.51, 44.74, 44.28, 44.69, 3703499
10/22/19, 44.22, 44.47, 43.89, 43.92, 2656995
10/21/19, 43.87, 43.90, 43.645, 43.72, 2389994
10/18/19, 44.18, 44.205, 43.675, 43.87, 1654232
10/17/19, 44.32, 44.3557, 43.97, 44.13, 2434491
10/16/19, 43.99, 44.03, 43.63, 43.79, 1668160
10/15/19, 43.75, 44.28, 43.67, 44.21, 2252668
10/14/19, 43.99, 44.29, 43.82, 43.84, 2651735
10/11/19, 43.74, 44.16, 43.54, 43.58, 3845118
10/10/19, 43.20, 43.795, 43.16, 43.60, 6238761
10/09/19, 43.49, 43.59, 43.355, 43.40, 1981491
10/08/19, 43.43, 43.47, 42.90, 43.04, 3092956
10/07/19, 43.41, 43.805, 43.38, 43.44, 2254312
10/04/19, 43.36, 43.52, 43.13, 43.31, 1878354
10/03/19, 42.88, 43.25, 42.775, 43.17, 2002629
10/02/19, 42.81, 42.98, 42.25, 42.46, 3142640
10/01/19, 44.03, 44.14, 43.545, 43.66, 3080534
09/30/19, 44.78, 45.16, 44.53, 44.57, 3505117
09/27/19, 45.49, 45.58, 45.12, 45.28, 2299870
09/26/19, 45.88, 46.22, 45.37, 45.47, 4677454
09/25/19, 45.28, 45.54, 45.05, 45.34, 4199223
09/24/19, 45.34, 45.57, 45.02, 45.17, 2893273
09/23/19, 45.08, 45.19, 44.56, 44.57, 2458314
09/20/19, 45.21, 45.33, 44.96, 45.18, 4870606
09/19/19, 44.63, 44.85, 44.43, 44.61, 4158074
09/18/19, 43.38, 43.72, 43.35, 43.57, 2100208
09/17/19, 43.12, 43.27, 42.84, 43.13, 4920493
09/16/19, 43.03, 43.05, 42.44, 42.51, 2502206
09/13/19, 42.87, 43.12, 42.72, 42.77, 3658890
09/12/19, 42.85, 43.09, 42.73, 42.90, 6763500
09/11/19, 42.86, 43.20, 42.85, 43.10, 7843507
09/10/19, 42.45, 43.29, 42.19, 43.27, 4102680
09/09/19, 43.99, 44.03, 43.37, 43.80, 2821875
09/06/19, 44.86, 45.07, 44.73, 44.74, 1888821
09/05/19, 44.94, 45.00, 44.56, 44.76, 1610225
09/04/19, 45.42, 45.53, 45.24, 45.34, 1741801
09/03/19, 45.16, 45.47, 45.06, 45.27, 2263612
08/30/19, 45.13, 45.32, 44.82, 45.03, 2413563
08/29/19, 45.25, 45.51, 45.20, 45.42, 2692884
08/28/19, 44.80, 44.92, 44.59, 44.80, 2131653
08/27/19, 44.86, 45.11, 44.79, 44.88, 2333887
08/26/19, 44.98, 44.98, 44.47, 44.83, 2435272
08/23/19, 45.28, 45.67, 44.50, 44.58, 3759998
08/22/19, 45.52, 45.59, 45.17, 45.41, 4555136
08/21/19, 45.04, 45.69, 44.98, 45.42, 6007198
08/20/19, 44.89, 44.94, 44.48, 44.62, 5067900
08/19/19, 44.57, 44.64, 44.33, 44.42, 1520980
08/16/19, 44.36, 44.55, 44.29, 44.34, 1500185
08/15/19, 44.04, 44.32, 43.96, 44.18, 1919567
08/14/19, 44.42, 44.6825, 43.80, 43.81, 2793406
08/13/19, 44.57, 44.86, 44.4026, 44.86, 3459284
08/12/19, 44.79, 44.84, 44.15, 44.36, 2493469
08/09/19, 45.25, 45.28, 44.58, 44.77, 4127295
08/08/19, 43.95, 44.36, 43.78, 44.14, 2368904
08/07/19, 43.56, 44.08, 43.41, 43.92, 4018597
08/06/19, 43.72, 43.97, 43.26, 43.62, 3936508
08/05/19, 43.86, 44.00, 43.155, 43.56, 3823162
08/02/19, 44.40, 44.44, 44.001, 44.28, 4267480
08/01/19, 43.57, 44.185, 43.57, 44.00, 2686161
07/31/19, 43.08, 43.79, 42.9701, 43.41, 2255591
07/30/19, 43.90, 44.06, 43.67, 43.86, 3475516
07/29/19, 44.56, 44.74, 44.34, 44.39, 6419718
07/26/19, 43.01, 43.54, 42.89, 43.51, 4226799
07/25/19, 42.80, 43.525, 42.49, 42.66, 10420150
07/24/19, 40.18, 40.40, 39.85, 40.35, 4281620
07/23/19, 40.66, 40.89, 40.455, 40.58, 4153085
07/22/19, 40.41, 40.48, 40.13, 40.33, 4338540
07/19/19, 40.52, 40.5899, 40.06, 40.12, 3709634
07/18/19, 40.29, 40.74, 40.23, 40.73, 2783903
07/17/19, 40.33, 40.585, 40.30, 40.34, 1324446
07/16/19, 40.36, 40.36, 40.12, 40.20, 1619719
07/15/19, 40.26, 40.41, 40.06, 40.22, 2002696
07/12/19, 40.35, 40.37, 39.845, 40.21, 3229697
07/11/19, 40.92, 40.93, 40.195, 40.45, 2342450
07/10/19, 41.25, 41.41, 41.015, 41.13, 1623015
07/09/19, 40.75, 40.87, 40.66, 40.74, 1667895
07/08/19, 40.75, 40.86, 40.60, 40.83, 2090204
07/05/19, 41.62, 41.67, 40.90, 40.94, 2811670
07/03/19, 41.96, 42.15, 41.83, 41.99, 1818962
07/02/19, 41.35, 41.76, 41.31, 41.71, 2521176
07/01/19, 41.65, 41.65, 41.24, 41.31, 3033708
06/28/19, 41.49, 41.49, 41.10, 41.28, 2304819
06/27/19, 40.86, 41.17, 40.86, 40.99, 1683755
06/26/19, 41.23, 41.24, 40.755, 40.97, 1737945
06/25/19, 41.63, 41.695, 41.23, 41.40, 1382075
06/24/19, 41.53, 41.64, 41.31, 41.49, 1940007
06/21/19, 41.08, 41.42, 40.66, 41.36, 2701703
06/20/19, 41.92, 42.08, 41.525, 41.61, 3353210
06/19/19, 41.18, 41.75, 41.15, 41.68, 3027085
06/18/19, 40.59, 41.03, 40.51, 40.95, 3258487
06/17/19, 39.56, 40.13, 39.55, 39.98, 1864150
06/14/19, 39.68, 39.96, 39.6208, 39.67, 1477841
06/13/19, 39.81, 40.01, 39.60, 39.91, 2020009
06/12/19, 39.52, 39.985, 39.52, 39.93, 2507327
06/11/19, 39.69, 39.74, 39.305, 39.39, 2378056
06/10/19, 39.16, 39.715, 39.08, 39.59, 2928916
06/07/19, 39.19, 39.27, 38.885, 39.02, 2070877
06/06/19, 38.81, 39.14, 38.73, 38.83, 2259520
06/05/19, 38.44, 38.56, 38.285, 38.36, 2097303
06/04/19, 38.43, 38.655, 38.19, 38.59, 3415353
06/03/19, 38.04, 38.13, 37.76, 37.90, 2409351
05/31/19, 37.13, 37.435, 37.115, 37.38, 2622987
05/30/19, 37.74, 37.74, 37.33, 37.51, 2912943
05/29/19, 37.66, 37.76, 37.44, 37.53, 3334240
05/28/19, 38.50, 38.65, 38.00, 38.01, 3807804
05/24/19, 39.01, 39.32, 38.90, 39.02, 3086618
05/23/19, 38.66, 38.875, 38.44, 38.66, 5530098
05/22/19, 37.64, 38.65, 37.64, 38.61, 2945102
05/21/19, 37.65, 37.9465, 37.61, 37.88, 3438830
05/20/19, 37.34, 37.645, 37.33, 37.54, 3096968
05/17/19, 37.63, 37.9099, 37.58, 37.78, 1716339
05/16/19, 37.74, 38.055, 37.66, 37.80, 2988671
05/15/19, 37.61, 37.855, 37.58, 37.68, 4570000
05/14/19, 37.78, 38.00, 37.64, 37.82, 7164801
05/13/19, 37.29, 37.39, 37.12, 37.28, 7657533
05/10/19, 38.06, 38.15, 37.39, 37.65, 8515679
05/09/19, 38.47, 38.54, 38.26, 38.47, 3578115
05/08/19, 38.47, 38.59, 38.27, 38.30, 3193452
05/07/19, 38.36, 38.43, 37.8245, 37.98, 2831229
05/06/19, 37.92, 38.73, 37.75, 38.35, 3540333
05/03/19, 38.32, 38.425, 38.08, 38.41, 3217338
05/02/19, 37.63, 37.84, 37.46, 37.62, 10215030
05/01/19, 37.51, 37.635, 37.25, 37.35, 5199619
04/30/19, 38.13, 38.18, 36.8323, 37.66, 8666447
04/29/19, 38.56, 38.57, 38.10, 38.18, 5518623
04/26/19, 37.84, 38.09, 37.6575, 37.99, 7190846
04/25/19, 38.42, 39.15, 38.40, 39.06, 4729304
04/24/19, 38.72, 38.92, 38.58, 38.72, 3942007
04/23/19, 38.63, 38.97, 38.63, 38.69, 4812174
04/22/19, 38.78, 38.90, 38.555, 38.75, 4253511
04/18/19, 38.77, 38.94, 38.355, 38.80, 5430254
04/17/19, 39.32, 39.34, 38.735, 38.77, 4408280
04/16/19, 40.10, 40.10, 39.27, 39.30, 3334354
04/15/19, 39.76, 39.88, 39.63, 39.81, 3006051
04/12/19, 39.62, 40.02, 39.47, 39.52, 7490132
04/11/19, 40.32, 40.35, 39.66, 39.84, 4514369
04/10/19, 40.75, 40.9275, 40.435, 40.54, 6618999
04/09/19, 40.78, 40.84, 40.51, 40.69, 4313064
04/08/19, 41.08, 41.08, 40.77, 40.86, 3169437
04/05/19, 40.50, 40.835, 40.47, 40.70, 5788773
04/04/19, 40.79, 41.00, 40.48, 40.53, 5580884
04/03/19, 41.20, 41.28, 40.805, 41.09, 6319994
04/02/19, 41.24, 41.655, 41.09, 41.59, 10883150
04/01/19, 41.44, 41.55, 40.935, 41.27, 8415527
03/29/19, 40.38, 41.13, 40.14, 40.43, 34782359
03/28/19, 43.15, 43.26, 42.84, 42.98, 4655909
03/27/19, 42.60, 42.87, 42.29, 42.65, 3183475
03/26/19, 43.02, 43.185, 42.855, 42.94, 3106016
03/25/19, 42.60, 42.79, 42.425, 42.55, 2971691
03/22/19, 42.45, 42.86, 42.42, 42.59, 3891195
03/21/19, 42.91, 43.295, 42.89, 42.95, 2434811
03/20/19, 43.07, 43.295, 42.79, 43.02, 3757320
03/19/19, 42.89, 43.06, 42.73, 42.87, 3209220
03/18/19, 42.52, 42.74, 42.43, 42.58, 3076182
03/15/19, 42.28, 42.51, 42.095, 42.51, 8993580
03/14/19, 42.28, 42.555, 42.12, 42.27, 3707782
03/13/19, 42.08, 42.49, 41.95, 42.45, 2973932
03/12/19, 41.64, 41.96, 41.64, 41.85, 3963391
03/11/19, 41.65, 42.325, 41.64, 42.19, 3501521
03/08/19, 41.45, 41.795, 41.34, 41.77, 4139424
03/07/19, 41.61, 41.77, 41.33, 41.66, 5284015
03/06/19, 42.36, 42.392, 41.93, 42.03, 2490012
03/05/19, 41.56, 42.61, 41.56, 42.31, 5668241
03/04/19, 41.73, 41.81, 41.39, 41.69, 3948187
03/01/19, 41.61, 41.76, 41.48, 41.76, 4589971
02/28/19, 41.17, 41.65, 41.13, 41.58, 5698560
02/27/19, 42.06, 42.58, 42.06, 42.39, 4479286
02/26/19, 41.60, 42.14, 41.56, 41.98, 4216822
02/25/19, 41.50, 41.73, 41.33, 41.50, 5982142
02/22/19, 40.44, 40.985, 40.41, 40.94, 5956298
02/21/19, 40.41, 40.50, 40.14, 40.43, 5791424
02/20/19, 40.24, 40.86, 40.24, 40.53, 7081106
02/19/19, 39.97, 40.49, 39.94, 40.46, 8070897
02/15/19, 40.29, 41.01, 40.21, 40.92, 6410192
02/14/19, 38.97, 40.15, 38.89, 39.98, 12341330
02/13/19, 36.84, 37.17, 36.56, 36.58, 4390573
02/12/19, 37.07, 37.31, 36.93, 37.20, 3729296
02/11/19, 36.80, 36.87, 36.545, 36.68, 3903871
02/08/19, 36.90, 37.21, 36.825, 37.01, 3424063
02/07/19, 37.25, 37.25, 36.775, 36.94, 3357020
02/06/19, 36.98, 37.15, 36.84, 36.87, 3083503
02/05/19, 36.90, 37.26, 36.89, 37.00, 2281575
02/04/19, 36.80, 36.82, 36.56, 36.76, 2652539
02/01/19, 36.60, 36.88, 36.54, 36.65, 3587787
01/31/19, 36.42, 36.69, 36.22, 36.58, 4978483
01/30/19, 36.08, 36.165, 35.70, 35.95, 4823513
01/29/19, 35.84, 35.89, 35.55, 35.55, 4498895
01/28/19, 35.56, 35.63, 35.30, 35.49, 3998905
01/25/19, 35.87, 35.92, 35.58, 35.75, 6896560
01/24/19, 36.26, 36.285, 35.69, 35.79, 6285357
01/23/19, 37.03, 37.03, 36.455, 36.69, 7925273
01/22/19, 36.49, 36.54, 36.01, 36.27, 7044059
01/18/19, 36.79, 36.84, 36.32, 36.55, 4366531
01/17/19, 35.98, 36.349, 35.95, 36.29, 4168264
01/16/19, 35.77, 36.02, 35.63, 35.79, 7091452
01/15/19, 35.93, 36.21, 35.73, 36.11, 10138850
01/14/19, 36.54, 36.55, 35.425, 35.55, 13875430
01/11/19, 37.67, 37.74, 36.885, 36.95, 5401013
01/10/19, 38.04, 38.375, 37.89, 38.26, 4808976
01/09/19, 38.15, 38.365, 37.80, 37.80, 6482042
01/08/19, 38.38, 38.58, 38.03, 38.13, 4697371
01/07/19, 39.00, 39.14, 38.70, 38.78, 5738691
01/04/19, 38.82, 39.38, 38.68, 39.18, 2853986
01/03/19, 38.38, 38.84, 38.31, 38.33, 5013538
01/02/19, 37.72, 38.00, 37.59, 37.80, 3594017
12/31/18, 37.82, 38.14, 37.805, 37.98, 1625553
12/28/18, 37.55, 38.095, 37.52, 37.77, 3241145
12/27/18, 36.90, 37.30, 36.49, 37.30, 6091182
12/26/18, 36.55, 37.62, 36.50, 37.61, 4502782
12/24/18, 37.87, 37.87, 36.85, 36.86, 3341275
12/21/18, 37.70, 38.21, 37.49, 37.51, 3445708
12/20/18, 38.91, 38.91, 37.86, 38.04, 4608583
12/19/18, 38.48, 38.53, 37.65, 37.97, 4191460
12/18/18, 38.47, 38.59, 38.0715, 38.23, 2882080
12/17/18, 39.20, 39.28, 38.165, 38.35, 4360587
12/14/18, 39.20, 39.21, 38.91, 39.15, 4628435
12/13/18, 39.26, 39.50, 39.03, 39.24, 2060397
12/12/18, 38.91, 39.31, 38.89, 38.91, 4978167
12/11/18, 39.14, 39.31, 38.445, 38.66, 6533286
12/10/18, 38.86, 38.86, 38.13, 38.41, 6815830
12/07/18, 38.49, 38.71, 38.12, 38.18, 3825914
12/06/18, 38.67, 39.00, 38.43, 38.87, 5609391
12/04/18, 39.94, 40.35, 39.73, 39.87, 5955657
12/03/18, 39.95, 40.00, 39.43, 39.56, 6550355
11/30/18, 39.91, 40.14, 39.67, 39.82, 4478910
11/29/18, 39.98, 40.45, 39.89, 40.21, 4519021
11/28/18, 39.75, 40.14, 39.62, 40.12, 5109001
11/27/18, 39.50, 39.915, 39.25, 39.90, 5834582
11/26/18, 40.18, 40.31, 39.90, 40.09, 3673961
11/23/18, 39.74, 40.41, 39.74, 40.20, 2185419
11/21/18, 40.18, 40.41, 40.06, 40.23, 1770988
11/20/18, 40.60, 40.98, 40.27, 40.34, 4329986
11/19/18, 40.45, 40.94, 40.10, 40.80, 6167488
11/16/18, 39.95, 40.7099, 39.94, 40.67, 7069209
11/15/18, 41.31, 41.41, 40.75, 41.40, 6779985
11/14/18, 41.59, 41.73, 41.28, 41.40, 5425040
11/13/18, 41.51, 41.775, 41.35, 41.49, 9200742
11/12/18, 41.19, 41.385, 40.68, 40.91, 4398093
11/09/18, 41.01, 41.04, 40.50, 40.97, 5144650
11/08/18, 39.97, 41.28, 39.93, 40.65, 5475590
11/07/18, 38.85, 39.235, 38.70, 39.21, 3950651
11/06/18, 38.37, 38.41, 37.6732, 38.36, 2778785
11/05/18, 38.72, 39.21, 38.68, 38.99, 4128994
11/02/18, 38.23, 38.43, 37.63, 37.85, 3369159
11/01/18, 38.47, 38.76, 38.17, 38.51, 2853679
10/31/18, 39.37, 39.42, 38.71, 38.78, 4638491
10/30/18, 38.09, 38.55, 38.015, 38.45, 4884114
10/29/18, 38.46, 38.51, 37.71, 38.00, 7780920
10/26/18, 37.22, 38.13, 36.94, 37.90, 3960251
10/25/18, 36.93, 38.07, 36.665, 37.78, 5385271
10/24/18, 39.42, 39.42, 37.79, 37.86, 5809503
10/23/18, 39.16, 39.76, 39.035, 39.59, 4603426
10/22/18, 39.67, 39.72, 39.265, 39.49, 4488564
10/19/18, 39.33, 39.51, 39.085, 39.21, 3574906
10/18/18, 39.11, 39.2024, 38.71, 38.95, 5896267
10/17/18, 39.36, 39.43, 38.81, 39.29, 4895232
10/16/18, 38.38, 39.175, 38.30, 39.08, 7622395
10/15/18, 37.39, 37.60, 37.24, 37.47, 3034664
10/12/18, 37.43, 37.5485, 36.88, 37.15, 3687025
10/11/18, 38.11, 38.13, 37.405, 37.64, 6067198
10/10/18, 38.40, 38.475, 38.05, 38.05, 3227765
10/09/18, 37.62, 38.39, 37.62, 38.28, 3946416
10/08/18, 38.39, 38.505, 38.11, 38.35, 2906335
10/05/18, 38.97, 39.335, 38.88, 39.06, 3303415
10/04/18, 39.72, 39.8894, 39.20, 39.51, 4986483
10/03/18, 39.97, 40.16, 39.92, 40.08, 6248938
10/02/18, 39.45, 39.75, 39.30, 39.73, 1868220
10/01/18, 39.59, 39.80, 39.47, 39.50, 2543475
09/28/18, 39.50, 39.74, 39.43, 39.57, 3611014
09/27/18, 39.42, 39.73, 39.35, 39.72, 5442351
09/26/18, 39.03, 39.26, 39.01, 39.08, 6031936
09/25/18, 38.40, 38.81, 38.38, 38.69, 6051533
09/24/18, 37.70, 37.91, 37.70, 37.85, 2143344
09/21/18, 37.46, 37.77, 37.43, 37.68, 1705160
09/20/18, 37.45, 37.75, 37.43, 37.72, 1839091
09/19/18, 37.37, 37.495, 37.24, 37.30, 2142620
09/18/18, 37.28, 37.595, 37.28, 37.49, 3625356
09/17/18, 37.42, 37.68, 37.365, 37.56, 3833923
09/14/18, 37.37, 37.58, 37.27, 37.45, 3847761
09/13/18, 37.64, 37.69, 37.285, 37.63, 5416121
09/12/18, 37.89, 37.94, 37.71, 37.89, 7607088
09/11/18, 37.87, 38.00, 37.66, 37.97, 3783812
09/10/18, 37.83, 37.99, 37.60, 37.75, 3072804
09/07/18, 36.95, 37.24, 36.94, 37.18, 2167175
09/06/18, 37.19, 37.30, 36.88, 37.07, 2252271
09/05/18, 37.62, 37.765, 37.36, 37.43, 2678406
09/04/18, 37.83, 37.95, 37.70, 37.82, 3053605
08/31/18, 38.20, 38.425, 38.15, 38.34, 3605618
08/30/18, 38.74, 39.01, 38.64, 38.92, 2822329
08/29/18, 38.76, 38.855, 38.535, 38.82, 2995575
08/28/18, 38.55, 38.80, 38.49, 38.65, 2828915
08/27/18, 38.66, 38.66, 38.315, 38.60, 3447806
08/24/18, 38.50, 38.5091, 38.25, 38.30, 3087427
08/23/18, 38.71, 38.71, 38.1001, 38.11, 3232762
08/22/18, 38.95, 38.95, 38.60, 38.66, 2311165
08/21/18, 39.08, 39.08, 38.72, 38.76, 4979381
08/20/18, 38.60, 38.94, 38.58, 38.85, 6166037
08/17/18, 38.29, 38.38, 38.07, 38.12, 8235454
08/16/18, 38.33, 38.41, 37.845, 37.96, 6798845
08/15/18, 38.63, 38.64, 38.17, 38.45, 6109036
08/14/18, 38.90, 39.12, 38.86, 38.98, 4422423
08/13/18, 39.38, 39.44, 38.98, 39.02, 3009499
08/10/18, 39.40, 39.72, 39.31, 39.38, 5708355
08/09/18, 39.75, 39.7627, 39.49, 39.61, 6829412
08/08/18, 38.98, 39.28, 38.83, 39.25, 2863552
08/07/18, 39.24, 39.27, 38.87, 38.87, 3970055
08/06/18, 37.94, 38.375, 37.94, 38.28, 3278230
08/03/18, 38.36, 38.76, 38.36, 38.66, 4095399
08/02/18, 38.18, 38.76, 38.18, 38.74, 4556846
08/01/18, 38.69, 38.865, 38.605, 38.75, 3860499
07/31/18, 38.83, 39.25, 38.805, 39.13, 6709686
07/30/18, 38.33, 38.70, 38.31, 38.49, 5274907
07/27/18, 38.27, 38.33, 37.9125, 38.23, 5849724
07/26/18, 37.96, 38.73, 37.90, 38.15, 6361291
07/25/18, 37.06, 37.47, 37.05, 37.44, 2702870
07/24/18, 37.19, 37.5224, 37.15, 37.42, 1748917
07/23/18, 37.16, 37.305, 37.10, 37.16, 1739743
07/20/18, 36.99, 37.37, 36.96, 37.17, 2004825
07/19/18, 37.26, 37.35, 36.96, 37.03, 2809013
07/18/18, 37.16, 37.37, 36.97, 37.33, 3626628
07/17/18, 36.87, 37.23, 36.81, 37.17, 3201699
07/16/18, 36.73, 36.8499, 36.58, 36.66, 3288166
07/13/18, 36.71, 37.18, 36.695, 37.16, 5219181
07/12/18, 36.28, 36.99, 36.24, 36.96, 8103244
07/11/18, 35.33, 35.46, 35.25, 35.44, 2717754
07/10/18, 35.72, 35.77, 35.47, 35.60, 2407770
07/09/18, 35.32, 35.43, 35.15, 35.36, 2062549
07/06/18, 34.90, 35.26, 34.83, 35.18, 2736794
07/05/18, 34.40, 34.99, 34.40, 34.93, 3715743
07/03/18, 34.83, 34.98, 34.71, 34.76, 1909643
07/02/18, 34.52, 34.82, 34.495, 34.82, 4119663
06/29/18, 35.20, 35.32, 35.11, 35.11, 3456128
06/28/18, 34.43, 34.93, 34.38, 34.90, 2941473
06/27/18, 34.78, 34.99, 34.47, 34.55, 5176412
06/26/18, 35.18, 35.18, 34.82, 34.88, 5032238
06/25/18, 35.26, 35.31, 34.82, 34.97, 2818287
06/22/18, 35.03, 35.16, 34.95, 35.06, 5375926
06/21/18, 35.61, 35.655, 34.92, 35.15, 5349006
06/20/18, 36.13, 36.17, 35.94, 36.13, 1731626
06/19/18, 35.72, 35.94, 35.63, 35.94, 1991848
06/18/18, 36.08, 36.16, 35.98, 36.10, 1902700
06/15/18, 36.45, 36.51, 36.24, 36.41, 2071974
06/14/18, 36.69, 36.959, 36.42, 36.48, 2870593
06/13/18, 36.41, 36.44, 36.0323, 36.18, 2476544
06/12/18, 36.29, 36.48, 36.14, 36.16, 2377660
06/11/18, 36.34, 36.575, 36.225, 36.37, 1601750
06/08/18, 36.43, 36.54, 36.30, 36.42, 2640150
06/07/18, 36.64, 36.656, 36.285, 36.36, 2039972
06/06/18, 36.53, 36.725, 36.43, 36.61, 2738460
06/05/18, 36.66, 36.68, 36.38, 36.47, 1537075
06/04/18, 37.02, 37.06, 36.565, 36.75, 2193425
06/01/18, 36.72, 36.86, 36.48, 36.81, 2730518
05/31/18, 37.00, 37.165, 36.64, 37.03, 5900267
05/30/18, 36.62, 37.09, 36.58, 36.86, 2470734
05/29/18, 36.44, 36.54, 36.28, 36.38, 2745235
05/25/18, 36.82, 37.15, 36.74, 37.04, 5445190
05/24/18, 37.01, 37.08, 36.77, 36.88, 3520248
05/23/18, 36.83, 36.91, 36.68, 36.84, 4918286
05/22/18, 37.12, 37.30, 36.82, 37.05, 7644145
05/21/18, 36.89, 37.01, 36.61, 36.79, 8240845
05/18/18, 35.43, 36.67, 35.42, 36.33, 5758461
05/17/18, 36.63, 36.74, 36.18, 36.44, 5134529
05/16/18, 36.48, 36.585, 36.34, 36.50, 3442649
05/15/18, 36.12, 36.3669, 35.96, 36.24, 4401416
05/14/18, 36.46, 36.52, 36.33, 36.42, 3362391
05/11/18, 36.25, 36.50, 35.99, 36.40, 3441158
05/10/18, 36.00, 36.18, 35.885, 36.01, 2629825
05/09/18, 35.68, 36.345, 35.61, 36.16, 3930948
05/08/18, 35.81, 35.96, 35.48, 35.66, 4682676
05/07/18, 35.77, 36.0868, 35.69, 35.97, 3168689
05/04/18, 35.51, 35.75, 35.40, 35.58, 5477546
05/03/18, 35.81, 35.93, 35.52, 35.82, 4985140
05/02/18, 35.83, 35.99, 35.51, 35.54, 5403360
05/01/18, 35.69, 36.145, 35.49, 36.14, 6419203
04/30/18, 35.52, 35.81, 35.47, 35.53, 3082417
04/27/18, 35.37, 35.6546, 35.28, 35.59, 3070755
04/26/18, 35.38, 35.50, 35.24, 35.30, 2841587
04/25/18, 35.18, 35.3662, 34.89, 35.29, 3351201
04/24/18, 35.37, 35.455, 35.01, 35.12, 3621786
04/23/18, 35.58, 35.58, 35.39, 35.52, 2833390
04/20/18, 35.41, 35.50, 35.28, 35.34, 2488541
04/19/18, 35.82, 36.04, 35.36, 35.40, 9806977
04/18/18, 35.85, 36.02, 35.75, 35.98, 2801134
04/17/18, 35.75, 35.90, 35.70, 35.86, 3080410
04/16/18, 35.97, 36.03, 35.48, 35.75, 4384993
04/13/18, 36.32, 36.38, 36.195, 36.32, 3158126
04/12/18, 36.42, 36.56, 36.36, 36.36, 3596697
04/11/18, 36.40, 36.60, 36.325, 36.44, 5384395
04/10/18, 36.30, 36.75, 36.155, 36.69, 6668302
04/09/18, 35.76, 36.03, 35.645, 35.90, 4310445
04/06/18, 35.59, 35.90, 35.2408, 35.42, 4298689
04/05/18, 35.13, 35.71, 35.11, 35.35, 3742417
04/04/18, 34.77, 35.26, 34.72, 35.22, 3138841
04/03/18, 35.26, 35.355, 34.93, 35.22, 4806120
04/02/18, 34.89, 35.18, 34.48, 34.69, 3709305
03/29/18, 34.92, 35.18, 34.77, 34.97, 4010112
03/28/18, 35.01, 35.53, 34.99, 35.13, 5121748
03/27/18, 34.89, 35.17, 34.635, 34.67, 3937990
03/26/18, 34.87, 34.94, 34.29, 34.76, 3749550
03/23/18, 34.37, 34.51, 34.11, 34.17, 3967145
03/22/18, 34.43, 34.72, 34.40, 34.47, 3683650
03/21/18, 34.75, 34.83, 34.58, 34.61, 2619624
03/20/18, 34.67, 34.86, 34.51, 34.77, 3495337
03/19/18, 34.83, 34.87, 34.37, 34.57, 6252358
03/16/18, 34.14, 34.62, 34.12, 34.59, 4318202
03/15/18, 34.14, 34.185, 33.75, 33.82, 2193564
03/14/18, 33.86, 34.105, 33.65, 33.84, 2721350
03/13/18, 33.96, 34.11, 33.81, 33.82, 4037165
03/12/18, 33.98, 34.05, 33.77, 33.85, 2527611
03/09/18, 33.74, 33.88, 33.66, 33.79, 2299863
03/08/18, 33.80, 34.045, 33.69, 33.78, 1913680
03/07/18, 33.59, 33.76, 33.455, 33.71, 1528673
03/06/18, 34.10, 34.13, 33.66, 33.78, 3072660
03/05/18, 33.38, 33.96, 33.3293, 33.90, 3889037
03/02/18, 33.08, 33.35, 33.05, 33.16, 6761404
03/01/18, 33.34, 33.40, 32.69, 32.97, 4684441
02/28/18, 33.90, 33.91, 33.18, 33.19, 3592395
02/27/18, 33.97, 34.05, 33.78, 33.85, 1982848
02/26/18, 34.03, 34.26, 34.00, 34.19, 2739585
02/23/18, 33.72, 34.025, 33.575, 34.01, 2803872
02/22/18, 33.93, 34.025, 33.59, 33.69, 2593271
02/21/18, 33.62, 34.54, 33.60, 33.83, 4971674
02/20/18, 33.53, 33.77, 33.48, 33.64, 5542964
02/16/18, 33.61, 34.11, 33.61, 33.93, 4256950
02/15/18, 33.86, 34.06, 33.58, 34.02, 3489295
02/14/18, 33.85, 34.47, 33.815, 34.44, 4727640
02/13/18, 34.20, 34.26, 33.98, 34.06, 2671145
02/12/18, 33.79, 34.335, 33.79, 34.09, 4868809
02/09/18, 33.71, 33.80, 32.85, 33.61, 8803388
02/08/18, 34.42, 34.76, 34.01, 34.10, 8095390
02/07/18, 33.62, 34.25, 33.59, 33.90, 6619604
02/06/18, 33.35, 34.37, 33.25, 34.30, 10560260
02/05/18, 35.31, 35.33, 33.67, 33.78, 8558491
02/02/18, 35.67, 36.29, 35.4423, 35.90, 7475899
02/01/18, 35.15, 35.385, 34.94, 35.14, 3930371
01/31/18, 35.61, 35.61, 34.935, 35.06, 4888862
01/30/18, 36.08, 36.14, 35.61, 35.75, 3901478
01/29/18, 36.37, 36.37, 36.14, 36.22, 3680738
01/26/18, 36.67, 36.70, 36.50, 36.63, 5029106
01/25/18, 36.49, 36.505, 35.99, 36.15, 3579424
01/24/18, 35.85, 36.05, 35.75, 35.86, 5419282
01/23/18, 36.05, 36.2742, 36.00, 36.07, 3529590
01/22/18, 35.65, 35.95, 35.62, 35.94, 2277673
01/19/18, 35.57, 35.58, 35.335, 35.44, 2527393
01/18/18, 35.04, 35.135, 34.915, 35.07, 3102454
01/17/18, 35.14, 35.235, 34.99, 35.08, 2844663
01/16/18, 35.48, 35.52, 34.98, 34.99, 4756558
01/12/18, 35.59, 35.77, 35.52, 35.65, 3018080
01/11/18, 35.13, 35.44, 35.08, 35.40, 2762392
01/10/18, 35.12, 35.35, 35.01, 35.27, 2150136
01/09/18, 35.48, 35.60, 35.36, 35.47, 1761126
01/08/18, 35.72, 35.77, 35.42, 35.62, 1826353
01/05/18, 35.58, 35.925, 35.50, 35.87, 3336132
01/04/18, 35.51, 35.595, 35.28, 35.50, 3870932
01/03/18, 35.22, 35.51, 35.16, 35.45, 4195423
01/02/18, 35.24, 35.44, 34.95, 35.38, 6107393
12/29/17, 34.77, 34.951, 34.63, 34.70, 4096793
12/28/17, 33.98, 34.20, 33.96, 34.11, 2445146
12/27/17, 33.78, 33.80, 33.5999, 33.72, 2566932
12/26/17, 33.45, 33.845, 33.45, 33.65, 1712548
12/22/17, 33.55, 33.74, 33.40, 33.61, 2948854
12/21/17, 33.29, 33.52, 33.17, 33.44, 4171002
12/20/17, 33.33, 33.34, 32.94, 33.01, 1509028
12/19/17, 33.23, 33.36, 33.06, 33.15, 1858015
12/18/17, 33.30, 33.55, 33.27, 33.34, 1656952
12/15/17, 32.94, 33.15, 32.88, 33.13, 2256521
12/14/17, 33.50, 33.60, 33.19, 33.29, 3175953
12/13/17, 33.34, 33.66, 33.30, 33.57, 4973390
12/12/17, 33.34, 33.495, 33.28, 33.42, 2217041
12/11/17, 32.85, 33.215, 32.80, 33.12, 3937859
12/08/17, 32.47, 32.785, 32.39, 32.74, 2421155
12/07/17, 32.11, 32.33, 32.07, 32.22, 3480215
12/06/17, 32.12, 32.31, 31.99, 32.09, 2676033
12/05/17, 32.12, 32.38, 32.10, 32.20, 3356302
12/04/17, 32.96, 33.00, 32.155, 32.17, 3113673
12/01/17, 32.80, 33.12, 32.62, 32.85, 3306645
11/30/17, 32.93, 33.13, 32.70, 32.87, 4315556
11/29/17, 33.56, 33.61, 33.27, 33.32, 3594834
11/28/17, 33.53, 33.585, 33.38, 33.52, 3352454
11/27/17, 34.06, 34.08, 33.63, 33.68, 1644670
11/24/17, 33.77, 33.91, 33.64, 33.84, 955937
11/22/17, 34.00, 34.04, 33.69, 33.83, 1277344
11/21/17, 33.50, 33.915, 33.49, 33.73, 1358465
11/20/17, 33.51, 33.575, 33.30, 33.38, 1894400
11/17/17, 33.29, 33.495, 33.28, 33.46, 2467623
11/16/17, 33.59, 33.69, 33.50, 33.52, 1991249
11/15/17, 33.39, 33.48, 33.34, 33.39, 2211768
11/14/17, 32.72, 33.26, 32.67, 33.25, 2914202
11/13/17, 32.85, 32.94, 32.75, 32.91, 2416224
11/10/17, 32.69, 33.10, 32.61, 32.91, 4922394
11/09/17, 33.29, 33.32, 32.9262, 33.11, 3738632
11/08/17, 33.24, 33.41, 33.07, 33.33, 4434793
11/07/17, 33.61, 33.695, 33.38, 33.61, 4409593
11/06/17, 34.33, 34.35, 34.12, 34.22, 3390584
11/03/17, 34.21, 34.54, 34.18, 34.48, 2924097
11/02/17, 34.29, 34.37, 34.03, 34.11, 3234366
11/01/17, 34.50, 34.79, 34.4838, 34.56, 3976772
10/31/17, 34.11, 34.51, 33.76, 34.50, 5030966
10/30/17, 33.59, 33.90, 33.52, 33.77, 2903806
10/27/17, 33.58, 33.675, 33.40, 33.49, 2532241
10/26/17, 34.02, 34.05, 33.35, 33.53, 3635347
10/25/17, 34.33, 34.50, 33.975, 34.12, 3225515
10/24/17, 34.13, 34.25, 33.84, 34.21, 4621465
10/23/17, 34.57, 34.71, 34.35, 34.39, 2575280
10/20/17, 34.77, 34.81, 34.53, 34.62, 2302108
10/19/17, 34.63, 34.81, 34.52, 34.71, 2443658
10/18/17, 34.66, 34.81, 34.595, 34.65, 3782718
10/17/17, 34.58, 34.89, 34.49, 34.78, 6444751
10/16/17, 34.91, 34.94, 34.61, 34.65, 3489381
10/13/17, 34.70, 34.78, 34.55, 34.61, 2865025
10/12/17, 34.49, 34.62, 34.46, 34.53, 5071656
10/11/17, 34.59, 34.785, 34.41, 34.59, 2771250
10/10/17, 34.41, 34.74, 34.395, 34.63, 3685311
10/09/17, 34.38, 34.54, 34.19, 34.48, 2554126
10/06/17, 34.02, 34.27, 34.01, 34.26, 2973636
10/05/17, 34.06, 34.23, 33.975, 34.23, 4724024
10/04/17, 34.27, 34.40, 34.21, 34.35, 2221388
10/03/17, 34.08, 34.33, 34.06, 34.26, 3938486
10/02/17, 33.85, 34.35, 33.85, 34.27, 5145467
09/29/17, 33.62, 33.91, 33.59, 33.88, 2471903
09/28/17, 33.57, 33.655, 33.43, 33.48, 2653233
09/27/17, 33.06, 33.52, 33.03, 33.31, 4395474
09/26/17, 33.47, 33.61, 33.23, 33.35, 5092462
09/25/17, 33.64, 34.02, 33.62, 34.00, 6183481
09/22/17, 33.80, 34.07, 33.67, 33.95, 10233530
09/21/17, 32.91, 32.95, 32.76, 32.81, 3112304
09/20/17, 32.69, 32.95, 32.59, 32.93, 8170408
09/19/17, 32.74, 32.83, 32.61, 32.67, 4386931
09/18/17, 32.46, 32.50, 32.24, 32.42, 4572950
09/15/17, 32.70, 32.71, 32.49, 32.53, 3100668
09/14/17, 32.53, 32.75, 32.51, 32.62, 3600635
09/13/17, 33.03, 33.07, 32.45, 32.65, 6585943
09/12/17, 32.94, 33.49, 32.91, 33.42, 7552409
09/11/17, 32.73, 33.02, 32.67, 32.99, 12110020
09/08/17, 31.72, 32.42, 31.71, 32.25, 5266413
09/07/17, 31.21, 31.97, 31.12, 31.89, 10258820
09/06/17, 30.17, 30.4655, 30.17, 30.34, 9305102
09/05/17, 30.41, 30.45, 29.975, 30.07, 4732353
09/01/17, 30.19, 30.29, 30.045, 30.11, 2396188
08/31/17, 29.61, 29.87, 29.53, 29.83, 4497636
08/30/17, 29.28, 29.35, 29.14, 29.25, 1946348
08/29/17, 29.31, 29.54, 29.25, 29.46, 2006064
08/28/17, 29.43, 29.56, 29.385, 29.44, 1570306
08/25/17, 29.43, 29.50, 29.20, 29.24, 2194384
08/24/17, 29.54, 29.66, 29.375, 29.47, 2966358
08/23/17, 29.24, 29.32, 29.075, 29.14, 2443287
08/22/17, 28.87, 29.125, 28.84, 29.07, 3469807
08/21/17, 29.05, 29.05, 28.78, 28.96, 3238276
08/18/17, 29.09, 29.16, 28.88, 29.12, 4185092
08/17/17, 29.49, 29.56, 29.05, 29.08, 4612673
08/16/17, 29.18, 29.23, 29.04, 29.18, 2643049
08/15/17, 29.08, 29.19, 29.01, 29.06, 2129397
08/14/17, 28.98, 29.19, 28.97, 29.10, 2340518
08/11/17, 28.88, 29.15, 28.855, 29.08, 3253688
08/10/17, 29.27, 29.40, 29.03, 29.03, 5866948
08/09/17, 29.52, 29.52, 29.265, 29.47, 4132105
08/08/17, 30.03, 30.31, 29.74, 29.75, 7354397
08/07/17, 30.07, 30.14, 29.85, 30.06, 3568753
08/04/17, 29.95, 30.19, 29.91, 30.17, 5189646
08/03/17, 30.46, 30.495, 30.25, 30.34, 4310604
08/02/17, 30.29, 30.34, 30.0833, 30.33, 5676344
08/01/17, 30.43, 30.48, 29.87, 29.92, 6358134
07/31/17, 30.82, 30.84, 30.18, 30.18, 10798390
07/28/17, 29.33, 30.37, 29.32, 30.27, 13288760
07/27/17, 28.77, 29.16, 28.43, 28.88, 27176859
07/26/17, 33.95, 33.995, 33.71, 33.94, 4065671
07/25/17, 34.00, 34.05, 33.63, 33.78, 3173897
07/24/17, 33.63, 33.98, 33.53, 33.85, 4116151
07/21/17, 34.00, 34.07, 33.88, 34.05, 3602670
07/20/17, 33.67, 33.98, 33.66, 33.89, 3365930
07/19/17, 33.68, 33.76, 33.50, 33.60, 4691945
07/18/17, 33.45, 33.62, 33.36, 33.51, 3624441
07/17/17, 33.73, 33.79, 33.30, 33.38, 4220978
07/14/17, 32.90, 34.50, 32.73, 33.87, 11656640
07/13/17, 32.87, 33.46, 32.26, 32.39, 21176461
07/12/17, 33.82, 34.115, 32.895, 32.92, 9939776
07/11/17, 33.15, 33.395, 33.12, 33.24, 3586696
07/10/17, 33.71, 33.79, 33.56, 33.63, 2530740
07/07/17, 33.56, 33.85, 33.545, 33.75, 2819459
07/06/17, 33.76, 33.795, 33.50, 33.64, 3984598
07/05/17, 33.66, 34.19, 33.64, 34.16, 2578674
07/03/17, 33.84, 34.03, 33.81, 33.88, 1703397
06/30/17, 34.12, 34.22, 33.87, 34.09, 2697568
06/29/17, 34.19, 34.21, 33.87, 34.12, 3395461
06/28/17, 34.60, 34.67, 34.34, 34.35, 3873673
06/27/17, 34.83, 34.90, 34.525, 34.57, 2967902
06/26/17, 35.33, 35.33, 34.98, 35.15, 2830093
06/23/17, 35.21, 35.2469, 34.94, 35.07, 3128490
06/22/17, 35.00, 35.60, 34.98, 35.36, 4015315
06/21/17, 34.63, 34.99, 34.61, 34.88, 3639557
06/20/17, 34.65, 34.92, 34.57, 34.72, 5164356
06/19/17, 34.44, 34.775, 34.44, 34.64, 3950082
06/16/17, 34.26, 34.55, 34.23, 34.54, 2511306
06/15/17, 34.04, 34.345, 33.95, 34.11, 3296181
06/14/17, 34.50, 34.605, 34.28, 34.36, 2739735
06/13/17, 34.13, 34.29, 33.95, 34.19, 3310388
06/12/17, 34.03, 34.10, 33.895, 34.06, 3266594
06/09/17, 34.39, 34.585, 34.01, 34.17, 6947767
06/08/17, 35.02, 35.05, 34.635, 34.82, 3153176
06/07/17, 34.66, 34.90, 34.65, 34.88, 5047184
06/06/17, 34.91, 35.145, 34.85, 34.94, 3188001
06/05/17, 35.24, 35.27, 34.87, 34.92, 4595149
06/02/17, 35.02, 35.19, 34.93, 35.11, 5115830
06/01/17, 34.74, 34.94, 34.705, 34.81, 4155367
05/31/17, 34.25, 34.48, 34.18, 34.39, 3703558
05/30/17, 33.97, 34.20, 33.90, 34.01, 2603087
05/26/17, 34.13, 34.19, 33.81, 33.85, 2555256
05/25/17, 34.16, 34.40, 34.14, 34.34, 2606058
05/24/17, 34.01, 34.38, 34.01, 34.27, 4293776
05/23/17, 33.91, 34.14, 33.87, 34.08, 3979157
05/22/17, 33.83, 34.125, 33.82, 33.95, 4377847
05/19/17, 34.07, 34.20, 33.81, 33.90, 3215930
05/18/17, 34.26, 34.305, 33.81, 34.02, 3723766
05/17/17, 34.48, 34.69, 34.17, 34.17, 5580990
05/16/17, 34.25, 34.55, 34.11, 34.41, 4951746
05/15/17, 33.97, 34.24, 33.84, 34.21, 6014257
05/12/17, 33.20, 34.08, 33.17, 34.00, 19332340
05/11/17, 30.96, 31.18, 30.88, 31.13, 2717935
05/10/17, 30.96, 31.11, 30.91, 31.04, 2604600
05/09/17, 30.71, 30.99, 30.655, 30.90, 4359351
05/08/17, 30.46, 30.46, 30.21, 30.23, 2511017
05/05/17, 30.44, 30.46, 30.32, 30.46, 2605068
05/04/17, 30.40, 30.68, 30.39, 30.63, 3691105
05/03/17, 30.69, 30.70, 30.415, 30.50, 3019978
05/02/17, 30.41, 30.74, 30.24, 30.70, 4442141
05/01/17, 30.32, 30.66, 30.246, 30.27, 2902501
04/28/17, 30.58, 30.65, 30.205, 30.25, 4930517
04/27/17, 30.58, 31.065, 30.525, 30.86, 4690020
04/26/17, 30.50, 30.74, 30.47, 30.58, 4205121
04/25/17, 30.59, 30.63, 30.47, 30.49, 3020989
04/24/17, 30.20, 30.34, 30.13, 30.24, 2642645
04/21/17, 29.82, 29.85, 29.6308, 29.76, 2044837
04/20/17, 30.00, 30.01, 29.87, 29.90, 3179855
04/19/17, 30.08, 30.08, 29.74, 29.77, 3641658
04/18/17, 29.96, 29.99, 29.66, 29.76, 4444100
04/17/17, 30.17, 30.34, 30.12, 30.15, 2574077
04/13/17, 30.09, 30.23, 30.04, 30.14, 2649927
04/12/17, 30.09, 30.21, 30.045, 30.14, 2324665
04/11/17, 30.16, 30.2368, 30.00, 30.18, 2963254
04/10/17, 29.88, 30.03, 29.8301, 29.90, 3923177
04/07/17, 30.26, 30.38, 30.14, 30.30, 7000578
04/06/17, 30.30, 30.605, 30.25, 30.44, 3927962
04/05/17, 30.83, 30.90, 30.43, 30.46, 5355641
04/04/17, 31.28, 31.40, 31.2139, 31.28, 2856579
04/03/17, 31.05, 31.29, 31.04, 31.14, 2811839
03/31/17, 31.16, 31.34, 31.13, 31.14, 2743422
03/30/17, 31.38, 31.3861, 31.16, 31.17, 2268612
03/29/17, 31.21, 31.37, 31.20, 31.29, 3480569
03/28/17, 31.58, 31.6059, 31.33, 31.33, 4575772
03/27/17, 31.65, 31.88, 31.63, 31.80, 4517365
03/24/17, 31.19, 31.38, 31.105, 31.31, 3983616
03/23/17, 31.16, 31.60, 31.14, 31.30, 11268900
03/22/17, 30.57, 31.04, 30.51, 30.98, 6134387
03/21/17, 30.82, 30.885, 30.36, 30.37, 3920754
03/20/17, 30.72, 30.88, 30.69, 30.70, 3443903
03/17/17, 30.55, 30.90, 30.5001, 30.69, 4358735
03/16/17, 30.52, 30.585, 30.385, 30.52, 3101253
03/15/17, 30.09, 30.27, 30.01, 30.21, 5140700
03/14/17, 29.99, 30.54, 29.98, 30.30, 7598919
03/13/17, 29.88, 30.13, 29.8147, 30.07, 3957579
03/10/17, 29.49, 29.58, 29.3675, 29.55, 3931974
03/09/17, 29.315, 29.575, 29.31, 29.56, 3763720
03/08/17, 29.49, 29.56, 29.325, 29.41, 4613046
03/07/17, 29.09, 29.615, 29.03, 29.50, 3972358
03/06/17, 29.77, 29.8155, 29.60, 29.62, 3366230
03/03/17, 29.64, 29.96, 29.60, 29.92, 5304057
03/02/17, 29.42, 29.78, 29.38, 29.60, 6804912
03/01/17, 29.01, 29.42, 28.95, 29.32, 6946968
02/28/17, 29.45, 29.57, 29.18, 29.26, 3929559
02/27/17, 29.12, 29.39, 29.11, 29.37, 3631413
02/24/17, 29.23, 29.36, 29.20, 29.35, 3539599
02/23/17, 29.24, 29.63, 29.22, 29.51, 5213038
02/22/17, 28.62, 28.98, 28.61, 28.92, 5119003
02/21/17, 28.98, 29.13, 28.87, 29.01, 4472091
02/17/17, 29.16, 29.27, 28.935, 29.16, 4496430
02/16/17, 28.74, 28.8855, 28.66, 28.76, 4400523
02/15/17, 28.55, 28.86, 28.52, 28.84, 3758360
02/14/17, 29.37, 29.66, 29.325, 29.59, 5479427
02/13/17, 29.60, 29.735, 29.53, 29.64, 5482650
02/10/17, 29.24, 29.625, 29.20, 29.53, 8700911
02/09/17, 29.13, 29.35, 29.065, 29.30, 7263959
02/08/17, 28.17, 28.66, 28.17, 28.62, 5108983
02/07/17, 28.19, 28.30, 28.09, 28.26, 6341361
02/06/17, 27.71, 28.105, 27.71, 28.09, 6300448
02/03/17, 27.55, 27.94, 27.55, 27.92, 10788370
02/02/17, 27.01, 27.58, 26.98, 27.56, 11199160
02/01/17, 27.32, 27.76, 27.23, 27.76, 10012140
01/31/17, 26.52, 27.25, 26.51, 27.23, 10641920
01/30/17, 27.04, 27.10, 26.945, 27.09, 6143032
01/27/17, 26.94, 27.08, 26.81, 27.05, 7378677
01/26/17, 27.57, 27.58, 26.64, 26.72, 10392600
01/25/17, 27.23, 27.39, 27.10, 27.29, 4791692
01/24/17, 26.93, 27.125, 26.65, 26.99, 9280786
01/23/17, 27.10, 27.15, 26.87, 27.10, 5507059
01/20/17, 27.39, 27.42, 26.865, 27.07, 10125640
01/19/17, 28.23, 28.31, 27.81, 27.91, 3692976
01/18/17, 28.65, 28.66, 28.43, 28.50, 6141814
01/17/17, 28.69, 28.69, 28.375, 28.47, 7320845
01/13/17, 28.36, 28.59, 28.20, 28.58, 5159759
01/12/17, 28.12, 28.32, 28.0236, 28.24, 8549073
01/11/17, 28.47, 28.625, 27.9669, 28.18, 7149662
01/10/17, 28.72, 28.81, 28.61, 28.75, 5332242
01/09/17, 28.33, 28.58, 28.2699, 28.53, 4158639
01/06/17, 28.41, 28.55, 28.33, 28.43, 6055478
01/05/17, 28.32, 28.76, 28.245, 28.69, 5583039
01/04/17, 27.88, 27.995, 27.785, 27.93, 4562521
01/03/17, 27.53, 27.735, 27.445, 27.71, 5130750
12/30/16, 27.54, 27.56, 27.25, 27.32, 3724861
12/29/16, 27.37, 27.57, 27.27, 27.36, 4589895
12/28/16, 27.52, 27.54, 27.19, 27.21, 4793849
12/27/16, 27.38, 27.50, 27.23, 27.26, 2983438
12/23/16, 27.27, 27.41, 27.17, 27.31, 2983680
12/22/16, 27.17, 27.26, 27.06, 27.18, 12610580
12/21/16, 27.15, 27.175, 26.915, 27.06, 12246100
12/20/16, 27.08, 27.19, 26.92, 27.02, 12312710
12/19/16, 27.28, 27.43, 26.915, 26.95, 15964790
12/16/16, 27.99, 28.01, 27.67, 27.86, 8478993
12/15/16, 27.43, 27.79, 27.40, 27.70, 12047960
12/14/16, 27.75, 27.78, 27.26, 27.29, 10803390
12/13/16, 27.29, 27.74, 27.23, 27.70, 10627140
12/12/16, 26.83, 27.09, 26.79, 26.94, 7254388
12/09/16, 26.71, 27.42, 26.70, 27.16, 8677307
12/08/16, 26.13, 26.32, 26.02, 26.27, 7212763
12/07/16, 26.06, 26.06, 25.55, 25.85, 11604700
12/06/16, 26.02, 26.06, 25.855, 26.01, 5151716
12/05/16, 26.03, 26.0412, 25.68, 25.82, 7953440
12/02/16, 25.94, 26.11, 25.86, 25.89, 8836805
12/01/16, 26.21, 26.26, 25.76, 25.81, 9000072
11/30/16, 26.64, 26.70, 26.10, 26.14, 10600990
11/29/16, 26.84, 26.98, 26.70, 26.71, 6372927
11/28/16, 26.75, 26.98, 26.63, 26.73, 6368407
11/25/16, 27.23, 27.23, 26.941, 27.10, 9569300
11/23/16, 26.01, 26.40, 25.88, 26.37, 13544060
11/22/16, 27.13, 27.16, 26.38, 26.43, 13821430
11/21/16, 27.24, 27.41, 27.22, 27.34, 4236116
11/18/16, 27.05, 27.27, 27.00, 27.12, 6994277
11/17/16, 27.40, 27.51, 27.328, 27.35, 7908669
11/16/16, 27.44, 27.68, 27.37, 27.40, 6476627
11/15/16, 27.43, 27.745, 27.36, 27.63, 3514700